movie_id,title,content_type,rating
movie_0001,Dragon Legend,Stand-up Comedy,TV-Y
movie_0002,Storm Warrior,Stand-up Comedy,PG
movie_0003,Fire Family,Movie,TV-MA
movie_0004,Our Princess,Documentary,NC-17
movie_0005,Warrior Mission,Documentary,TV-G
movie_0006,Kingdom Phoenix,Movie,PG-13
movie_0007,Battle Story,TV Series,TV-Y7
movie_0008,Old House,Movie,TV-Y
movie_0009,Dragon Empire,Movie,PG
movie_0010,Dream War,Limited Series,TV-Y
movie_0011,Day Dream,Movie,R
movie_0012,Bright War,Movie,G
movie_0013,Dream Journey,Movie,PG
movie_0014,Little War,Movie,TV-14
movie_0015,Hero Empire,Movie,TV-G
movie_0016,Last Dream,TV Series,PG-13
movie_0017,Kingdom Battle,Stand-up Comedy,NC-17
movie_0018,Princess Phoenix,Movie,PG
movie_0019,An Legend,Limited Series,TV-PG
movie_0020,An Mystery,TV Series,PG-13
movie_0021,Family Love,Limited Series,TV-PG
movie_0022,First Mystery,Movie,TV-PG
movie_0023,Mystery Night,TV Series,TV-MA
movie_0024,Fire Mystery,Movie,TV-Y7
movie_0025,Quest Queen,Movie,PG
movie_0026,Last Love,TV Series,PG
movie_0027,House House,Stand-up Comedy,PG-13
movie_0028,Legend Hero,Stand-up Comedy,PG
movie_0029,Dark Princess,Movie,PG
movie_0030,Dragon King,Movie,G
movie_0031,Warrior War,Movie,TV-Y7
movie_0032,House Hero,TV Series,TV-Y7
movie_0033,Mystery City,Movie,TV-MA
movie_0034,Mission Kingdom,TV Series,TV-PG
movie_0035,Princess Love,TV Series,TV-PG
movie_0036,House Legend,TV Series,PG-13
movie_0037,Empire King,TV Series,TV-G
movie_0038,A Empire,Movie,TV-MA
movie_0039,Love Queen,Movie,PG-13
movie_0040,Mystery Quest,Movie,PG-13
movie_0041,Kingdom War,Documentary,TV-14
movie_0042,First Hero,Movie,TV-G
movie_0043,City Queen,Documentary,PG-13
movie_0044,Dragon City,Stand-up Comedy,TV-G
movie_0045,Battle Day,Documentary,PG
movie_0046,The Dragon,TV Series,PG-13
movie_0047,Day Journey,TV Series,PG
movie_0048,Secret Legend,Movie,TV-14
movie_0049,Kingdom Day,Movie,NC-17
movie_0050,Last Quest,TV Series,TV-PG
movie_0051,Hero Mystery,TV Series,TV-PG
movie_0052,Hero Journey,Movie,PG-13
movie_0053,Princess City,Documentary,TV-Y7
movie_0054,Phoenix Journey,TV Series,TV-MA
movie_0055,Queen Quest,Movie,G
movie_0056,Big Princess,Movie,TV-Y
movie_0057,Mission Dream,Movie,TV-14
movie_0058,Day Mystery,Stand-up Comedy,R
movie_0059,Night Secret,TV Series,TV-14
movie_0060,Night Warrior,TV Series,PG-13
movie_0061,Journey Night,Movie,TV-MA
movie_0062,Phoenix Mission,Movie,TV-Y
movie_0063,Hero Kingdom,Movie,G
movie_0064,Last City,Documentary,TV-PG
movie_0065,Day Queen,Movie,TV-14
movie_0066,Adventure King,Movie,TV-14
movie_0067,Story Mystery,TV Series,PG
movie_0068,Secret Night,TV Series,R
movie_0069,An Quest,TV Series,NC-17
movie_0070,Battle City,Documentary,R
movie_0071,Phoenix Ice,TV Series,TV-MA
movie_0072,Storm Warrior,Limited Series,TV-14
movie_0073,House Family,TV Series,TV-PG
movie_0074,Dark Ice,Movie,PG
movie_0075,War Hero,TV Series,TV-PG
movie_0076,Empire Battle,Movie,G
movie_0077,Our Battle,TV Series,TV-14
movie_0078,Little War,Movie,NC-17
movie_0079,Mission Dream,Movie,TV-G
movie_0080,Day Queen,Movie,TV-Y
movie_0081,Mission Fire,Movie,TV-14
movie_0082,Bright Phoenix,Movie,TV-MA
movie_0083,Journey Phoenix,Movie,TV-Y
movie_0084,Night Phoenix,Movie,PG
movie_0085,Mission Secret,Stand-up Comedy,TV-Y
movie_0086,Big Adventure,Documentary,G
movie_0087,Our Storm,Movie,PG-13
movie_0088,Journey Love,TV Series,PG-13
movie_0089,Mystery Day,Movie,TV-Y7
movie_0090,Ice Kingdom,Documentary,TV-PG
movie_0091,Dragon Ice,Documentary,PG-13
movie_0092,Story Kingdom,TV Series,PG
movie_0093,City Queen,Movie,R
movie_0094,Dark City,Stand-up Comedy,TV-Y7
movie_0095,Legend Storm,TV Series,TV-MA
movie_0096,King Fire,Movie,G
movie_0097,Secret War,Movie,TV-Y
movie_0098,A War,Stand-up Comedy,PG-13
movie_0099,Dragon Day,Documentary,PG
movie_0100,Adventure Dream,Movie,TV-G
movie_0101,King House,TV Series,TV-MA
movie_0102,Fire War,TV Series,TV-14
movie_0103,Family Battle,Stand-up Comedy,NC-17
movie_0104,Mystery Mystery,Movie,TV-Y
movie_0105,Adventure House,Movie,TV-MA
movie_0106,Dragon Night,Documentary,NC-17
movie_0107,Love Kingdom,Documentary,TV-MA
movie_0108,First Phoenix,Movie,TV-G
movie_0109,Family Story,Movie,PG-13
movie_0110,Queen Day,Movie,NC-17
movie_0111,Kingdom Mission,Movie,TV-Y7
movie_0112,King Princess,TV Series,R
movie_0113,A Quest,Movie,PG-13
movie_0114,Journey King,TV Series,TV-PG
movie_0115,War Dragon,Movie,NC-17
movie_0116,Secret Story,Documentary,TV-14
movie_0117,Little Dragon,Movie,R
movie_0118,Hero Love,Documentary,TV-14
movie_0119,Little Warrior,Documentary,G
movie_0120,Last Mission,Movie,TV-Y
movie_0121,Last Dream,Movie,G
movie_0122,Little Queen,Movie,TV-MA
movie_0123,Family Fire,Movie,R
movie_0124,Bright House,TV Series,TV-Y
movie_0125,Our Queen,Movie,PG
movie_0126,Journey Princess,Movie,TV-MA
movie_0127,Dragon Quest,Documentary,PG
movie_0128,A Quest,Limited Series,NC-17
movie_0129,Mission Fire,Stand-up Comedy,TV-Y7
movie_0130,Last House,Movie,NC-17
movie_0131,Story Mystery,Movie,TV-Y7
movie_0132,Dragon War,Documentary,TV-PG
movie_0133,Adventure Princess,Movie,R
movie_0134,Story Night,Stand-up Comedy,PG
movie_0135,Princess House,Movie,TV-G
movie_0136,First House,Documentary,NC-17
movie_0137,First Mission,Movie,TV-Y7
movie_0138,Kingdom Fire,Movie,PG
movie_0139,Last War,Limited Series,TV-G
movie_0140,City Empire,Documentary,TV-14
movie_0141,War Story,Movie,PG
movie_0142,Battle Secret,Limited Series,TV-Y7
movie_0143,Adventure Fire,Movie,NC-17
movie_0144,Our Dream,TV Series,TV-14
movie_0145,Fire Empire,TV Series,G
movie_0146,Bright Love,Movie,PG-13
movie_0147,Dark Love,Documentary,G
movie_0148,War Storm,TV Series,TV-Y7
movie_0149,The Fire,Documentary,TV-PG
movie_0150,Story Fire,Movie,TV-14
movie_0151,Night Love,Movie,TV-Y
movie_0152,Fire Quest,Movie,TV-MA
movie_0153,Phoenix Dragon,Movie,NC-17
movie_0154,Bright Phoenix,TV Series,TV-Y
movie_0155,Dream Battle,Movie,TV-Y7
movie_0156,An Ice,Movie,TV-14
movie_0157,Last Ice,Documentary,R
movie_0158,Storm Princess,Documentary,R
movie_0159,Battle Family,Movie,NC-17
movie_0160,Love Journey,Movie,R
movie_0161,Our King,Movie,TV-Y
movie_0162,Day Fire,TV Series,TV-PG
movie_0163,Bright War,Movie,TV-PG
movie_0164,Quest Ice,Movie,TV-14
movie_0165,Bright Day,Movie,G
movie_0166,Mystery Princess,TV Series,TV-G
movie_0167,Battle Night,TV Series,TV-MA
movie_0168,Love Love,Movie,G
movie_0169,Storm Day,TV Series,TV-PG
movie_0170,Phoenix Love,Movie,R
movie_0171,Dream Warrior,Movie,TV-14
movie_0172,My Story,Movie,TV-Y
movie_0173,Little Dragon,Stand-up Comedy,TV-Y
movie_0174,City Battle,TV Series,TV-Y7
movie_0175,Fire Day,Movie,TV-G
movie_0176,Dream City,TV Series,TV-Y7
movie_0177,Fire Princess,Movie,PG
movie_0178,Our Princess,TV Series,G
movie_0179,Battle Empire,TV Series,TV-PG
movie_0180,Story Queen,TV Series,G
movie_0181,Phoenix Hero,TV Series,G
movie_0182,Mystery Adventure,Movie,TV-14
movie_0183,House Phoenix,TV Series,G
movie_0184,Legend House,Documentary,PG-13
movie_0185,King Ice,Documentary,TV-G
movie_0186,Old House,TV Series,TV-G
movie_0187,First Journey,Documentary,TV-Y
movie_0188,Our Hero,Movie,TV-PG
movie_0189,Family Mission,Movie,TV-MA
movie_0190,Princess Night,Documentary,TV-MA
movie_0191,War Kingdom,Stand-up Comedy,G
movie_0192,Family Queen,Movie,PG
movie_0193,Love Story,Movie,TV-MA
movie_0194,The Phoenix,Movie,PG
movie_0195,New Phoenix,Limited Series,NC-17
movie_0196,Legend Mission,Movie,TV-Y
movie_0197,Adventure War,Documentary,TV-MA
movie_0198,Phoenix Family,TV Series,TV-PG
movie_0199,A Love,TV Series,TV-Y7
movie_0200,Legend Secret,TV Series,NC-17
movie_0201,Secret Battle,Movie,R
movie_0202,City Empire,Stand-up Comedy,TV-14
movie_0203,First Journey,Documentary,TV-PG
movie_0204,My Quest,Movie,TV-14
movie_0205,Adventure Legend,TV Series,R
movie_0206,Big Dragon,TV Series,PG-13
movie_0207,Family Ice,TV Series,R
movie_0208,The Story,Movie,R
movie_0209,King Dragon,TV Series,TV-G
movie_0210,Princess Kingdom,Movie,TV-14
movie_0211,Kingdom Princess,TV Series,PG-13
movie_0212,Story King,Stand-up Comedy,TV-Y
movie_0213,Queen House,TV Series,PG
movie_0214,Last Dragon,Stand-up Comedy,TV-Y7
movie_0215,City Warrior,Movie,NC-17
movie_0216,Day City,Documentary,G
movie_0217,Quest Secret,Movie,TV-G
movie_0218,Journey Mission,Movie,NC-17
movie_0219,Bright Adventure,Movie,NC-17
movie_0220,An War,TV Series,TV-MA
movie_0221,Empire Kingdom,Documentary,TV-PG
movie_0222,Battle Phoenix,TV Series,TV-MA
movie_0223,Story Phoenix,TV Series,TV-G
movie_0224,The Princess,TV Series,R
movie_0225,Our Family,Movie,PG-13
movie_0226,A Dream,Stand-up Comedy,TV-MA
movie_0227,Last Storm,Stand-up Comedy,G
movie_0228,City Family,Movie,TV-G
movie_0229,Last Secret,Movie,PG-13
movie_0230,Kingdom King,Movie,TV-14
movie_0231,Storm Quest,Limited Series,TV-Y
movie_0232,Kingdom War,TV Series,R
movie_0233,Storm Ice,Movie,PG
movie_0234,An Fire,TV Series,TV-Y7
movie_0235,Empire Story,Limited Series,G
movie_0236,Queen Warrior,Stand-up Comedy,TV-14
movie_0237,Legend Warrior,TV Series,PG-13
movie_0238,Bright Journey,TV Series,PG-13
movie_0239,Kingdom Dream,Documentary,G
movie_0240,Last House,Movie,NC-17
movie_0241,Dark Ice,TV Series,TV-14
movie_0242,Mission Storm,Documentary,TV-14
movie_0243,New Quest,Movie,TV-MA
movie_0244,Little City,Movie,TV-G
movie_0245,Night King,Movie,TV-Y7
movie_0246,Empire Adventure,Documentary,NC-17
movie_0247,Bright Princess,Documentary,TV-PG
movie_0248,Love Storm,TV Series,TV-PG
movie_0249,City Storm,Documentary,TV-14
movie_0250,First Ice,Limited Series,G
movie_0251,Queen Mystery,Limited Series,TV-G
movie_0252,My Quest,Movie,TV-14
movie_0253,City Queen,Documentary,TV-G
movie_0254,Empire Mystery,TV Series,TV-14
movie_0255,Dark Legend,Movie,R
movie_0256,Kingdom War,Stand-up Comedy,TV-14
movie_0257,Dragon King,Movie,PG-13
movie_0258,Adventure Love,Movie,TV-PG
movie_0259,Princess Warrior,Movie,TV-Y7
movie_0260,Love Love,Stand-up Comedy,PG-13
movie_0261,Hero Dream,Movie,G
movie_0262,House Secret,Movie,TV-G
movie_0263,Big Ice,Movie,TV-MA
movie_0264,Our Queen,Movie,PG
movie_0265,Warrior Fire,Movie,G
movie_0266,Ice Fire,TV Series,TV-MA
movie_0267,Our War,Stand-up Comedy,PG
movie_0268,Quest Empire,Movie,G
movie_0269,Secret Mystery,Documentary,PG-13
movie_0270,Secret Ice,Movie,TV-G
movie_0271,Our Mission,TV Series,PG-13
movie_0272,Day Fire,Movie,TV-Y
movie_0273,New Adventure,Stand-up Comedy,TV-Y7
movie_0274,Story Phoenix,Stand-up Comedy,NC-17
movie_0275,Night City,Stand-up Comedy,TV-MA
movie_0276,Dark Storm,TV Series,TV-Y
movie_0277,An Empire,TV Series,PG
movie_0278,Dragon Storm,TV Series,TV-MA
movie_0279,My Adventure,TV Series,TV-Y
movie_0280,Legend Story,Movie,TV-14
movie_0281,House Phoenix,Movie,PG
movie_0282,Secret Ice,Movie,TV-Y
movie_0283,Big Mission,Movie,TV-Y7
movie_0284,King Dragon,Movie,TV-14
movie_0285,Dragon Dragon,Documentary,PG
movie_0286,First Queen,Stand-up Comedy,TV-Y7
movie_0287,The Adventure,TV Series,TV-Y7
movie_0288,Mystery Adventure,Stand-up Comedy,PG
movie_0289,Love City,TV Series,NC-17
movie_0290,Dark City,Documentary,TV-MA
movie_0291,Princess War,Stand-up Comedy,TV-G
movie_0292,Family Princess,Movie,G
movie_0293,Quest Adventure,Movie,NC-17
movie_0294,King Kingdom,Movie,TV-MA
movie_0295,Little Dragon,TV Series,G
movie_0296,Ice Mystery,Movie,PG
movie_0297,Secret Mission,Documentary,NC-17
movie_0298,City Dream,Movie,PG-13
movie_0299,Quest Mystery,TV Series,R
movie_0300,House War,Movie,NC-17
movie_0301,Fire Battle,Movie,TV-Y7
movie_0302,Bright Battle,Movie,TV-MA
movie_0303,Quest Princess,Movie,TV-Y
movie_0304,Dragon Warrior,Movie,NC-17
movie_0305,Legend House,Movie,TV-MA
movie_0306,Warrior House,TV Series,G
movie_0307,Dark Ice,Stand-up Comedy,TV-Y
movie_0308,Old Dragon,Documentary,PG-13
movie_0309,War Legend,Movie,TV-PG
movie_0310,Legend Ice,Limited Series,R
movie_0311,War Empire,Stand-up Comedy,TV-MA
movie_0312,King Legend,TV Series,PG
movie_0313,Quest Love,TV Series,NC-17
movie_0314,Adventure Princess,Movie,PG
movie_0315,Big Hero,Stand-up Comedy,R
movie_0316,Mystery Kingdom,Movie,NC-17
movie_0317,Mystery Love,Movie,TV-Y
movie_0318,Mission Day,Movie,TV-Y
movie_0319,My Journey,Movie,TV-Y7
movie_0320,Fire Queen,Movie,R
movie_0321,First Family,Stand-up Comedy,TV-MA
movie_0322,Day Night,Movie,PG
movie_0323,Little City,Movie,NC-17
movie_0324,Phoenix Dragon,Documentary,PG
movie_0325,Dream Family,Stand-up Comedy,TV-14
movie_0326,Our Queen,Movie,TV-MA
movie_0327,The Storm,TV Series,G
movie_0328,Mystery Day,Documentary,TV-Y7
movie_0329,Battle Phoenix,Stand-up Comedy,TV-Y7
movie_0330,Legend King,Documentary,PG
movie_0331,A Quest,TV Series,PG
movie_0332,Queen Dream,Stand-up Comedy,TV-Y7
movie_0333,The Dream,Movie,TV-14
movie_0334,Story Warrior,Limited Series,TV-14
movie_0335,Quest Mission,TV Series,TV-14
movie_0336,Queen Warrior,Movie,G
movie_0337,Storm Dream,TV Series,TV-Y7
movie_0338,Old Mission,Movie,NC-17
movie_0339,Big Empire,Movie,PG-13
movie_0340,Mission Quest,Movie,TV-Y
movie_0341,Battle Ice,TV Series,NC-17
movie_0342,Adventure Story,Movie,TV-Y7
movie_0343,Legend Mission,Movie,PG-13
movie_0344,Mystery Fire,Movie,PG
movie_0345,Dark Secret,TV Series,NC-17
movie_0346,House City,TV Series,TV-PG
movie_0347,Story Warrior,TV Series,NC-17
movie_0348,Quest Adventure,TV Series,TV-PG
movie_0349,Fire King,Documentary,PG
movie_0350,Dragon Hero,Movie,G
movie_0351,Family Story,TV Series,TV-Y
movie_0352,New Kingdom,Documentary,TV-Y
movie_0353,Quest Hero,Limited Series,NC-17
movie_0354,New Adventure,Documentary,G
movie_0355,Dream Dream,Limited Series,R
movie_0356,Love Empire,TV Series,TV-PG
movie_0357,Our Queen,Movie,TV-Y
movie_0358,Legend Secret,TV Series,TV-MA
movie_0359,Quest Hero,Movie,TV-14
movie_0360,Fire Night,TV Series,TV-14
movie_0361,War Adventure,Movie,TV-MA
movie_0362,Bright Phoenix,Documentary,TV-Y
movie_0363,Night Secret,Movie,PG
movie_0364,Princess House,Movie,TV-Y7
movie_0365,First Quest,TV Series,NC-17
movie_0366,War Dragon,Limited Series,TV-14
movie_0367,Storm Secret,Movie,TV-MA
movie_0368,The Empire,Movie,TV-PG
movie_0369,Big Ice,Documentary,TV-Y
movie_0370,Princess Quest,Movie,PG-13
movie_0371,King Love,TV Series,TV-PG
movie_0372,Love Fire,Movie,TV-Y7
movie_0373,Queen Journey,TV Series,TV-MA
movie_0374,The Story,Movie,TV-14
movie_0375,Last Kingdom,Movie,TV-Y7
movie_0376,City Legend,Movie,TV-PG
movie_0377,Ice Journey,Movie,NC-17
movie_0378,Quest Family,Stand-up Comedy,TV-PG
movie_0379,Our Battle,TV Series,TV-G
movie_0380,House Dragon,Stand-up Comedy,PG-13
movie_0381,Dragon Princess,Movie,TV-G
movie_0382,Love Empire,Documentary,TV-G
movie_0383,Day City,TV Series,G
movie_0384,Night Adventure,Stand-up Comedy,G
movie_0385,Little Journey,Documentary,TV-Y7
movie_0386,Hero Hero,Stand-up Comedy,PG
movie_0387,Night King,Movie,TV-14
movie_0388,An Mission,Documentary,TV-G
movie_0389,Last Mission,Movie,TV-14
movie_0390,Old Night,Movie,TV-Y7
movie_0391,Night Night,Stand-up Comedy,TV-PG
movie_0392,Hero City,TV Series,PG-13
movie_0393,A Storm,Stand-up Comedy,TV-MA
movie_0394,Dark Kingdom,TV Series,R
movie_0395,Princess Queen,Stand-up Comedy,NC-17
movie_0396,Storm Night,Movie,PG-13
movie_0397,Legend Adventure,Stand-up Comedy,G
movie_0398,Hero Story,Movie,R
movie_0399,Our Ice,Documentary,TV-Y7
movie_0400,Night Queen,Movie,TV-MA
movie_0401,Queen War,Movie,TV-Y
movie_0402,Fire Dream,Stand-up Comedy,NC-17
movie_0403,Legend Legend,Movie,R
movie_0404,Family Story,TV Series,TV-14
movie_0405,Old Ice,Documentary,R
movie_0406,Mystery Empire,Movie,G
movie_0407,Phoenix Adventure,Stand-up Comedy,TV-PG
movie_0408,Adventure Love,Stand-up Comedy,R
movie_0409,Mystery Storm,Documentary,TV-14
movie_0410,Last Battle,Movie,TV-14
movie_0411,Dream Dream,Movie,TV-Y
movie_0412,Princess Adventure,Limited Series,TV-G
movie_0413,Legend Day,Movie,TV-Y
movie_0414,Adventure Queen,TV Series,G
movie_0415,Last Quest,Documentary,PG-13
movie_0416,A Mystery,Stand-up Comedy,R
movie_0417,Dragon Day,Documentary,PG-13
movie_0418,Big Story,Movie,TV-14
movie_0419,New Fire,TV Series,TV-14
movie_0420,War Hero,Stand-up Comedy,PG
movie_0421,Legend Love,Documentary,PG
movie_0422,City Night,TV Series,PG-13
movie_0423,Our Night,Movie,TV-PG
movie_0424,Battle Secret,Documentary,TV-Y7
movie_0425,Storm Kingdom,TV Series,NC-17
movie_0426,Warrior King,Movie,PG
movie_0427,A King,Movie,PG-13
movie_0428,Empire King,Movie,TV-Y7
movie_0429,Kingdom City,TV Series,NC-17
movie_0430,Dragon Princess,Movie,TV-Y
movie_0431,A Adventure,Movie,R
movie_0432,Love Journey,Limited Series,R
movie_0433,Our City,Movie,TV-MA
movie_0434,Princess Battle,Movie,TV-Y
movie_0435,Mission Phoenix,Documentary,TV-PG
movie_0436,Story City,Documentary,NC-17
movie_0437,Ice Secret,Movie,TV-PG
movie_0438,Mission Fire,TV Series,NC-17
movie_0439,Little Kingdom,Movie,TV-Y
movie_0440,Love War,Movie,TV-G
movie_0441,Day Legend,TV Series,TV-G
movie_0442,Dragon Storm,Stand-up Comedy,G
movie_0443,Battle Legend,Movie,R
movie_0444,Dragon Mystery,TV Series,TV-Y
movie_0445,Secret Family,Movie,TV-Y7
movie_0446,Queen Mission,TV Series,PG
movie_0447,House Night,Stand-up Comedy,G
movie_0448,Story Hero,Movie,TV-MA
movie_0449,Night House,TV Series,TV-Y7
movie_0450,A Quest,Stand-up Comedy,NC-17
movie_0451,Family Legend,Movie,TV-MA
movie_0452,Family Secret,Limited Series,TV-Y7
movie_0453,Princess Dream,Movie,TV-MA
movie_0454,Princess Queen,Movie,NC-17
movie_0455,Journey Quest,Movie,PG-13
movie_0456,Ice Legend,Movie,PG-13
movie_0457,The Day,TV Series,G
movie_0458,Secret Hero,TV Series,R
movie_0459,Ice Phoenix,Movie,TV-MA
movie_0460,Family Journey,TV Series,TV-14
movie_0461,King Queen,Stand-up Comedy,TV-PG
movie_0462,Last Kingdom,TV Series,TV-PG
movie_0463,Phoenix Day,TV Series,TV-14
movie_0464,Old House,Limited Series,TV-Y
movie_0465,Battle Fire,Documentary,R
movie_0466,Ice Secret,Movie,G
movie_0467,City Fire,Documentary,NC-17
movie_0468,King Phoenix,TV Series,TV-Y7
movie_0469,Hero Empire,Documentary,TV-Y
movie_0470,Mystery House,Documentary,TV-Y
movie_0471,Our Journey,TV Series,G
movie_0472,Quest House,Movie,TV-MA
movie_0473,Journey House,Movie,NC-17
movie_0474,Family Quest,TV Series,TV-Y7
movie_0475,A Secret,Movie,PG
movie_0476,Bright Storm,Limited Series,TV-G
movie_0477,Dragon War,TV Series,NC-17
movie_0478,House Storm,Movie,NC-17
movie_0479,Little House,TV Series,PG-13
movie_0480,Princess Secret,Movie,TV-G
movie_0481,Ice Story,Movie,TV-Y7
movie_0482,Love Battle,TV Series,TV-PG
movie_0483,War Journey,Movie,R
movie_0484,Secret King,Movie,TV-MA
movie_0485,Bright Queen,Movie,NC-17
movie_0486,Story Warrior,Movie,TV-14
movie_0487,Mystery Secret,Documentary,TV-Y7
movie_0488,My Mystery,Movie,NC-17
movie_0489,New Dream,Movie,NC-17
movie_0490,A Storm,Documentary,TV-Y
movie_0491,New Warrior,Documentary,PG
movie_0492,Battle Love,TV Series,NC-17
movie_0493,Story Fire,Stand-up Comedy,TV-PG
movie_0494,Last Day,TV Series,R
movie_0495,City Legend,TV Series,PG
movie_0496,Last Mission,Stand-up Comedy,NC-17
movie_0497,Big Warrior,TV Series,TV-G
movie_0498,Day Dragon,TV Series,TV-G
movie_0499,Family Story,TV Series,TV-Y7
movie_0500,My Journey,TV Series,TV-PG
movie_0501,Hero Dragon,Movie,TV-Y
movie_0502,Love Legend,Stand-up Comedy,TV-Y7
movie_0503,An Dragon,TV Series,R
movie_0504,Princess Queen,TV Series,R
movie_0505,Phoenix Day,Movie,TV-14
movie_0506,Love Dream,TV Series,TV-PG
movie_0507,Old Empire,Movie,PG-13
movie_0508,Last Hero,Movie,PG
movie_0509,Queen House,Movie,PG
movie_0510,Queen Kingdom,Movie,PG
movie_0511,Dragon Princess,Movie,G
movie_0512,An Princess,Stand-up Comedy,NC-17
movie_0513,Night Dragon,Movie,TV-G
movie_0514,Love Love,Movie,TV-Y
movie_0515,Secret House,TV Series,TV-G
movie_0516,Dragon Storm,Documentary,TV-14
movie_0517,Storm Legend,TV Series,TV-MA
movie_0518,A Quest,Movie,G
movie_0519,Quest House,Documentary,TV-PG
movie_0520,Big Queen,TV Series,PG-13
movie_0521,Quest House,Movie,TV-14
movie_0522,Big Warrior,Documentary,TV-G
movie_0523,Mystery War,Movie,G
movie_0524,Kingdom City,Movie,TV-PG
movie_0525,Night Warrior,Movie,TV-PG
movie_0526,Journey Warrior,Stand-up Comedy,TV-14
movie_0527,Hero Story,Movie,TV-Y7
movie_0528,Queen Empire,Movie,TV-G
movie_0529,Legend Warrior,Movie,PG
movie_0530,Night Legend,Documentary,TV-MA
movie_0531,Last Night,Movie,PG
movie_0532,First Phoenix,TV Series,TV-14
movie_0533,First Ice,Stand-up Comedy,TV-14
movie_0534,Big Family,TV Series,PG-13
movie_0535,Last Phoenix,TV Series,R
movie_0536,Bright Hero,TV Series,TV-14
movie_0537,New Story,Movie,PG-13
movie_0538,Storm Dream,Movie,NC-17
movie_0539,Queen Queen,Movie,TV-Y
movie_0540,Warrior Story,Documentary,TV-MA
movie_0541,Princess Love,Documentary,TV-G
movie_0542,Storm Empire,Documentary,TV-Y
movie_0543,War Adventure,TV Series,G
movie_0544,Hero Quest,Movie,TV-PG
movie_0545,Little Mission,Documentary,G
movie_0546,New Queen,Movie,G
movie_0547,Fire Mission,TV Series,PG
movie_0548,Story Hero,Documentary,R
movie_0549,A Adventure,Movie,TV-PG
movie_0550,Dark Ice,Movie,PG-13
movie_0551,Warrior Quest,Movie,R
movie_0552,A Mission,Documentary,TV-14
movie_0553,Mystery City,Documentary,NC-17
movie_0554,Fire Queen,Documentary,NC-17
movie_0555,Ice Phoenix,TV Series,R
movie_0556,Empire Princess,Documentary,TV-Y
movie_0557,Queen Hero,Movie,TV-G
movie_0558,Last Phoenix,TV Series,NC-17
movie_0559,Mystery Dragon,Documentary,TV-Y7
movie_0560,Ice Queen,Stand-up Comedy,TV-Y
movie_0561,Quest Secret,TV Series,R
movie_0562,Legend Queen,Movie,G
movie_0563,Ice Secret,Movie,R
movie_0564,Mystery Mystery,TV Series,NC-17
movie_0565,Dragon Family,Stand-up Comedy,G
movie_0566,A City,Movie,TV-Y
movie_0567,Journey Kingdom,TV Series,PG
movie_0568,Dark Legend,Movie,TV-Y7
movie_0569,Legend King,Documentary,TV-14
movie_0570,Mission Storm,Stand-up Comedy,TV-G
movie_0571,City Princess,Documentary,TV-MA
movie_0572,Dream Secret,TV Series,PG-13
movie_0573,Fire Kingdom,Limited Series,PG
movie_0574,Journey Princess,Limited Series,PG
movie_0575,City Quest,Documentary,NC-17
movie_0576,Love Kingdom,Movie,G
movie_0577,Family House,TV Series,TV-PG
movie_0578,Little Phoenix,TV Series,PG-13
movie_0579,Last Story,Movie,G
movie_0580,Last Love,Stand-up Comedy,PG
movie_0581,Ice Kingdom,Documentary,TV-Y
movie_0582,My Queen,TV Series,TV-Y
movie_0583,Hero Ice,Movie,PG
movie_0584,Family Storm,Documentary,TV-Y
movie_0585,Quest Battle,TV Series,G
movie_0586,A Adventure,Documentary,R
movie_0587,A Quest,Stand-up Comedy,R
movie_0588,Queen Queen,Movie,TV-Y
movie_0589,Family Adventure,Limited Series,TV-Y
movie_0590,Secret City,Documentary,NC-17
movie_0591,City Empire,Limited Series,TV-Y
movie_0592,King Adventure,Movie,TV-G
movie_0593,Queen Dragon,Documentary,TV-14
movie_0594,Journey Day,Movie,PG-13
movie_0595,An Empire,TV Series,PG-13
movie_0596,Phoenix Adventure,Limited Series,TV-G
movie_0597,War Journey,Stand-up Comedy,TV-MA
movie_0598,Queen Quest,Movie,TV-PG
movie_0599,Quest War,Documentary,TV-14
movie_0600,Big Adventure,TV Series,TV-Y
movie_0601,Secret Mission,Documentary,G
movie_0602,Queen Family,Movie,TV-14
movie_0603,Last Kingdom,Movie,TV-14
movie_0604,Empire War,TV Series,TV-MA
movie_0605,An War,Movie,PG
movie_0606,Legend Fire,Movie,NC-17
movie_0607,The War,Documentary,TV-Y7
movie_0608,King Warrior,TV Series,G
movie_0609,Old Family,Limited Series,TV-G
movie_0610,Princess Legend,Documentary,TV-Y7
movie_0611,Big Adventure,Movie,TV-Y7
movie_0612,Kingdom Empire,Movie,TV-Y
movie_0613,Princess Day,Limited Series,TV-Y7
movie_0614,Day Day,Movie,TV-G
movie_0615,An Fire,Movie,PG
movie_0616,First Ice,Documentary,G
movie_0617,Quest War,Movie,PG
movie_0618,First Kingdom,TV Series,NC-17
movie_0619,My Story,Documentary,TV-G
movie_0620,Dark Secret,Movie,TV-Y7
movie_0621,Battle War,TV Series,PG
movie_0622,An Journey,Movie,R
movie_0623,Family Day,Stand-up Comedy,PG
movie_0624,Mystery Mystery,Movie,G
movie_0625,Day Night,Movie,TV-Y
movie_0626,Journey Mystery,Movie,NC-17
movie_0627,Love Legend,Movie,NC-17
movie_0628,Phoenix Story,TV Series,TV-14
movie_0629,Adventure Secret,Documentary,TV-MA
movie_0630,War Secret,Documentary,TV-G
movie_0631,Warrior Kingdom,Movie,TV-PG
movie_0632,Day Dragon,Movie,G
movie_0633,Warrior Ice,TV Series,TV-G
movie_0634,War Phoenix,Stand-up Comedy,TV-MA
movie_0635,Dream Family,TV Series,TV-Y7
movie_0636,Last Mission,Stand-up Comedy,TV-MA
movie_0637,Old Battle,TV Series,TV-MA
movie_0638,Quest Family,TV Series,G
movie_0639,Quest Fire,Limited Series,TV-Y7
movie_0640,Warrior Legend,Movie,TV-MA
movie_0641,First Dream,TV Series,R
movie_0642,Hero Dragon,Limited Series,TV-14
movie_0643,Fire Phoenix,TV Series,TV-Y7
movie_0644,Kingdom Hero,TV Series,NC-17
movie_0645,Last Secret,Stand-up Comedy,TV-G
movie_0646,King Adventure,Movie,TV-MA
movie_0647,Story Journey,Movie,TV-Y7
movie_0648,An Ice,Movie,TV-Y7
movie_0649,King Battle,TV Series,TV-Y7
movie_0650,First Kingdom,Movie,TV-G
movie_0651,Phoenix Day,Movie,R
movie_0652,Our Night,Movie,TV-MA
movie_0653,House Story,Stand-up Comedy,TV-Y
movie_0654,Adventure Legend,Stand-up Comedy,TV-Y
movie_0655,Hero Kingdom,Movie,TV-Y
movie_0656,Phoenix Ice,TV Series,R
movie_0657,Battle Queen,Limited Series,TV-14
movie_0658,Empire Love,TV Series,R
movie_0659,Little Night,TV Series,TV-14
movie_0660,Fire Secret,Movie,PG-13
movie_0661,House Night,Limited Series,NC-17
movie_0662,Bright Family,Movie,TV-MA
movie_0663,Phoenix Legend,Limited Series,G
movie_0664,An Princess,Movie,TV-G
movie_0665,Legend Dragon,Movie,TV-MA
movie_0666,Day City,Documentary,R
movie_0667,Empire Story,Movie,TV-G
movie_0668,Day Journey,Movie,TV-PG
movie_0669,Dark Phoenix,TV Series,PG-13
movie_0670,Phoenix Queen,Documentary,TV-14
movie_0671,War Storm,TV Series,TV-Y
movie_0672,Kingdom Dream,Movie,PG-13
movie_0673,Fire Hero,Documentary,TV-14
movie_0674,Storm Night,TV Series,TV-Y
movie_0675,Phoenix Princess,TV Series,NC-17
movie_0676,Dream Hero,Movie,TV-Y7
movie_0677,Legend Journey,Stand-up Comedy,TV-MA
movie_0678,Secret Legend,Documentary,TV-Y7
movie_0679,Dark Dragon,Documentary,TV-G
movie_0680,Battle Dream,Movie,TV-14
movie_0681,A Family,Stand-up Comedy,PG
movie_0682,Old Queen,Movie,G
movie_0683,Little Dream,Limited Series,TV-Y7
movie_0684,Dragon Mission,Movie,TV-G
movie_0685,Family Mystery,Stand-up Comedy,TV-G
movie_0686,Night Princess,TV Series,TV-14
movie_0687,Adventure Warrior,TV Series,TV-PG
movie_0688,Battle Storm,Movie,TV-Y
movie_0689,City Story,Movie,TV-Y
movie_0690,Secret Family,Documentary,TV-Y
movie_0691,Dream Adventure,Movie,TV-PG
movie_0692,Little Phoenix,Movie,PG-13
movie_0693,Storm Kingdom,Movie,G
movie_0694,Kingdom Day,Movie,PG
movie_0695,Storm Journey,TV Series,PG
movie_0696,House Empire,Limited Series,G
movie_0697,Journey Fire,TV Series,TV-MA
movie_0698,A Adventure,Movie,R
movie_0699,Our King,TV Series,PG
movie_0700,A Secret,Movie,G
movie_0701,Adventure Mission,Limited Series,NC-17
movie_0702,Mystery Legend,Movie,TV-MA
movie_0703,Mystery Legend,Movie,R
movie_0704,Dark Mystery,Movie,PG
movie_0705,House Secret,Stand-up Comedy,PG-13
movie_0706,New City,Movie,TV-PG
movie_0707,Fire Warrior,TV Series,R
movie_0708,My Love,Movie,PG
movie_0709,Kingdom Princess,Movie,TV-PG
movie_0710,Little Warrior,Movie,TV-MA
movie_0711,Empire Kingdom,Movie,G
movie_0712,A Day,Movie,G
movie_0713,Princess Quest,Movie,TV-MA
movie_0714,House Dream,Limited Series,PG
movie_0715,City Mystery,Movie,PG-13
movie_0716,Love Battle,Stand-up Comedy,R
movie_0717,Queen Legend,TV Series,TV-Y
movie_0718,Mystery Dream,TV Series,TV-MA
movie_0719,Warrior Dream,Movie,NC-17
movie_0720,Legend War,Stand-up Comedy,PG-13
movie_0721,Dream Dream,TV Series,TV-Y
movie_0722,Battle Mission,TV Series,TV-MA
movie_0723,House Day,Documentary,TV-MA
movie_0724,War Story,TV Series,NC-17
movie_0725,Old King,Documentary,TV-G
movie_0726,The Mystery,Movie,PG-13
movie_0727,Last Journey,TV Series,TV-Y
movie_0728,Phoenix Day,Stand-up Comedy,TV-Y7
movie_0729,Big Mission,Limited Series,PG-13
movie_0730,Adventure Fire,Documentary,R
movie_0731,House Mission,Movie,TV-Y
movie_0732,Legend Ice,Stand-up Comedy,TV-PG
movie_0733,Story Love,Movie,TV-PG
movie_0734,Queen Warrior,TV Series,TV-Y7
movie_0735,Princess Hero,Documentary,PG
movie_0736,Mystery Legend,Stand-up Comedy,PG
movie_0737,Legend Love,Movie,TV-Y7
movie_0738,Mission Storm,Movie,TV-G
movie_0739,Love Warrior,Movie,NC-17
movie_0740,City Mystery,Movie,PG
movie_0741,Our Love,Movie,G
movie_0742,Battle City,Movie,TV-MA
movie_0743,Phoenix City,Documentary,PG
movie_0744,A Adventure,Stand-up Comedy,G
movie_0745,Warrior Mystery,TV Series,TV-MA
movie_0746,Fire Journey,Movie,TV-MA
movie_0747,Last King,Movie,PG
movie_0748,War Love,Documentary,TV-PG
movie_0749,Queen Princess,TV Series,TV-Y
movie_0750,City Dream,TV Series,TV-Y
movie_0751,City Secret,Movie,TV-MA
movie_0752,House Story,Movie,PG-13
movie_0753,Kingdom Fire,Movie,PG
movie_0754,Kingdom Princess,TV Series,PG-13
movie_0755,Adventure Princess,TV Series,TV-Y7
movie_0756,Dark Day,Documentary,PG
movie_0757,Old Night,Movie,TV-Y
movie_0758,Quest Mystery,Documentary,PG-13
movie_0759,Legend King,Documentary,PG-13
movie_0760,Empire Love,TV Series,TV-Y7
movie_0761,Dragon Day,Movie,PG
movie_0762,A Mystery,Movie,R
movie_0763,My Dragon,Movie,TV-PG
movie_0764,House Day,Documentary,TV-14
movie_0765,War Phoenix,TV Series,TV-Y
movie_0766,Mission Empire,Movie,TV-Y7
movie_0767,Old Fire,Movie,TV-14
movie_0768,Hero Secret,Stand-up Comedy,PG
movie_0769,King Day,Movie,TV-Y7
movie_0770,Kingdom Dream,Limited Series,TV-G
movie_0771,First Quest,Stand-up Comedy,NC-17
movie_0772,The Story,Documentary,PG-13
movie_0773,Dragon Princess,TV Series,G
movie_0774,War Adventure,Movie,TV-PG
movie_0775,An Empire,Movie,TV-Y7
movie_0776,My Quest,TV Series,TV-PG
movie_0777,House Dragon,Movie,TV-Y
movie_0778,Princess House,TV Series,PG-13
movie_0779,New Family,Stand-up Comedy,TV-MA
movie_0780,Dream Warrior,Movie,TV-Y
movie_0781,First House,Documentary,TV-14
movie_0782,Last Princess,Movie,R
movie_0783,Love Journey,Movie,TV-G
movie_0784,Kingdom Kingdom,Movie,G
movie_0785,Dragon Family,TV Series,TV-Y7
movie_0786,War House,Stand-up Comedy,PG-13
movie_0787,An Family,Movie,TV-PG
movie_0788,Day Warrior,Stand-up Comedy,TV-Y7
movie_0789,Adventure Quest,Movie,PG
movie_0790,An Night,Documentary,TV-Y
movie_0791,City Fire,TV Series,PG
movie_0792,Princess King,Movie,TV-PG
movie_0793,Bright Secret,TV Series,TV-Y7
movie_0794,Warrior War,Movie,TV-PG
movie_0795,Big Fire,Movie,TV-Y7
movie_0796,Bright Mystery,Movie,TV-14
movie_0797,Fire Night,TV Series,TV-MA
movie_0798,Queen Adventure,Movie,TV-PG
movie_0799,Fire Secret,TV Series,TV-PG
movie_0800,House Fire,Stand-up Comedy,TV-PG
movie_0801,House Legend,Limited Series,TV-MA
movie_0802,Day Dragon,TV Series,G
movie_0803,Story Mystery,Stand-up Comedy,TV-Y
movie_0804,Battle Queen,Movie,TV-Y
movie_0805,Family Kingdom,Stand-up Comedy,NC-17
movie_0806,Dream Love,TV Series,TV-Y7
movie_0807,Mystery Quest,Movie,TV-G
movie_0808,Ice Storm,TV Series,TV-G
movie_0809,Kingdom Dragon,Stand-up Comedy,TV-14
movie_0810,Love Battle,Movie,TV-Y
movie_0811,Battle King,TV Series,TV-MA
movie_0812,Quest Night,Documentary,R
movie_0813,Secret Night,Movie,TV-Y7
movie_0814,Adventure Legend,TV Series,TV-Y7
movie_0815,Story Battle,Stand-up Comedy,TV-PG
movie_0816,Legend Empire,Stand-up Comedy,PG-13
movie_0817,Story Legend,Stand-up Comedy,TV-G
movie_0818,Our King,Documentary,PG
movie_0819,Night House,Movie,NC-17
movie_0820,Fire Phoenix,TV Series,TV-Y
movie_0821,Hero King,Movie,NC-17
movie_0822,Family Mystery,TV Series,TV-PG
movie_0823,Adventure Ice,Movie,TV-PG
movie_0824,War Queen,Movie,PG-13
movie_0825,Warrior Story,Movie,TV-Y7
movie_0826,Dark Adventure,Stand-up Comedy,TV-Y
movie_0827,Mystery House,Movie,R
movie_0828,My Fire,Movie,PG-13
movie_0829,A Dream,Movie,PG-13
movie_0830,Storm Mystery,Movie,TV-MA
movie_0831,Quest Hero,Documentary,G
movie_0832,Dark Princess,Movie,R
movie_0833,Mystery Mystery,Movie,PG
movie_0834,The Mission,TV Series,TV-14
movie_0835,Bright Ice,Movie,TV-14
movie_0836,Our Legend,Movie,TV-Y7
movie_0837,Princess Adventure,Movie,TV-Y
movie_0838,Adventure Hero,TV Series,TV-14
movie_0839,Journey War,Movie,PG-13
movie_0840,Family Kingdom,Movie,TV-14
movie_0841,Day Mystery,Movie,PG
movie_0842,Storm Mission,Movie,PG
movie_0843,War Fire,Movie,PG-13
movie_0844,Journey Story,Movie,R
movie_0845,Little House,TV Series,TV-MA
movie_0846,Storm Family,Stand-up Comedy,TV-MA
movie_0847,Mystery War,TV Series,NC-17
movie_0848,Dark Fire,Limited Series,NC-17
movie_0849,House King,Movie,TV-MA
movie_0850,Mystery City,Movie,TV-Y
movie_0851,City Battle,Stand-up Comedy,TV-MA
movie_0852,Dream Hero,TV Series,TV-PG
movie_0853,Family Journey,TV Series,TV-Y
movie_0854,Dark House,Movie,PG-13
movie_0855,First Night,Movie,TV-PG
movie_0856,Big King,Movie,R
movie_0857,Day Warrior,Stand-up Comedy,R
movie_0858,Fire Mystery,TV Series,TV-PG
movie_0859,First Mission,Documentary,PG-13
movie_0860,Our Love,Stand-up Comedy,TV-14
movie_0861,Night Journey,Documentary,PG-13
movie_0862,Day Quest,Stand-up Comedy,TV-MA
movie_0863,Fire House,Movie,TV-14
movie_0864,Dragon Hero,Movie,G
movie_0865,Dark Mission,Movie,R
movie_0866,Love King,TV Series,G
movie_0867,Story Legend,Documentary,TV-G
movie_0868,War Empire,TV Series,PG-13
movie_0869,Old City,Movie,G
movie_0870,Little Phoenix,Documentary,TV-PG
movie_0871,Princess City,TV Series,G
movie_0872,Journey Journey,Documentary,NC-17
movie_0873,The City,Movie,NC-17
movie_0874,Family Legend,Limited Series,PG-13
movie_0875,Empire Dragon,Limited Series,NC-17
movie_0876,Mystery War,TV Series,G
movie_0877,Family Dragon,Movie,TV-PG
movie_0878,Mystery Battle,TV Series,TV-Y
movie_0879,Storm Fire,TV Series,TV-Y
movie_0880,My Dragon,Movie,TV-Y7
movie_0881,Adventure Dream,Movie,TV-G
movie_0882,Little Mystery,TV Series,TV-MA
movie_0883,An Mission,TV Series,G
movie_0884,Queen King,Movie,TV-G
movie_0885,Battle Fire,Movie,TV-MA
movie_0886,Empire King,Stand-up Comedy,R
movie_0887,Warrior Phoenix,Movie,G
movie_0888,Adventure Phoenix,Limited Series,PG
movie_0889,Love Princess,Stand-up Comedy,TV-Y
movie_0890,War Fire,Movie,TV-Y7
movie_0891,Ice House,Movie,TV-Y7
movie_0892,Dark Dragon,Documentary,NC-17
movie_0893,Love Mission,Movie,G
movie_0894,Mystery Secret,Movie,NC-17
movie_0895,House War,Movie,TV-PG
movie_0896,Phoenix Hero,Documentary,NC-17
movie_0897,First Storm,Movie,TV-MA
movie_0898,First Family,Movie,TV-14
movie_0899,City Phoenix,Stand-up Comedy,NC-17
movie_0900,Ice Love,Documentary,NC-17
movie_0901,First Hero,TV Series,PG-13
movie_0902,Mystery Ice,TV Series,NC-17
movie_0903,Secret Battle,Stand-up Comedy,TV-14
movie_0904,Battle Mission,Movie,PG-13
movie_0905,Dark Quest,Movie,TV-Y
movie_0906,Mystery Mystery,Movie,PG-13
movie_0907,Phoenix Secret,Limited Series,TV-Y
movie_0908,Love War,Movie,TV-Y
movie_0909,Day Mission,Movie,PG-13
movie_0910,Night Battle,Stand-up Comedy,PG
movie_0911,Bright Dragon,Stand-up Comedy,TV-14
movie_0912,Mission Night,Stand-up Comedy,TV-Y7
movie_0913,Empire Secret,TV Series,TV-G
movie_0914,Love Secret,Movie,R
movie_0915,Journey Adventure,TV Series,PG-13
movie_0916,Adventure Dream,Movie,G
movie_0917,Adventure Ice,Movie,TV-PG
movie_0918,Secret Phoenix,Stand-up Comedy,TV-PG
movie_0919,The War,Movie,TV-Y7
movie_0920,Story Warrior,Movie,R
movie_0921,Phoenix House,Movie,TV-MA
movie_0922,Our Story,Movie,NC-17
movie_0923,Last Phoenix,TV Series,TV-Y7
movie_0924,Fire King,TV Series,PG
movie_0925,Quest Princess,Movie,TV-G
movie_0926,Family Queen,Movie,NC-17
movie_0927,Fire Ice,TV Series,TV-G
movie_0928,Little Dream,TV Series,PG
movie_0929,Fire King,Movie,G
movie_0930,Dark Day,Limited Series,TV-14
movie_0931,Family King,Movie,TV-Y
movie_0932,Hero Empire,Limited Series,NC-17
movie_0933,Princess Family,Movie,TV-PG
movie_0934,Kingdom House,TV Series,TV-G
movie_0935,Day Adventure,Movie,TV-PG
movie_0936,Quest Empire,Movie,G
movie_0937,Journey House,Movie,TV-Y7
movie_0938,Old House,Movie,R
movie_0939,Dragon War,TV Series,TV-Y7
movie_0940,Fire Warrior,Limited Series,TV-PG
movie_0941,A Mystery,Movie,TV-PG
movie_0942,King Legend,Stand-up Comedy,TV-14
movie_0943,Dream Adventure,TV Series,TV-MA
movie_0944,Dark Love,Movie,G
movie_0945,Secret Ice,Documentary,TV-Y7
movie_0946,Quest Warrior,Movie,G
movie_0947,Secret Mission,Movie,PG-13
movie_0948,Little Night,TV Series,TV-Y
movie_0949,Warrior Adventure,Movie,G
movie_0950,War Day,TV Series,TV-14
movie_0951,Big House,TV Series,G
movie_0952,Queen Day,Movie,PG
movie_0953,Bright Love,Documentary,TV-G
movie_0954,Mission Adventure,Movie,PG
movie_0955,Queen Empire,Movie,PG-13
movie_0956,A Love,Stand-up Comedy,G
movie_0957,Storm Love,Documentary,TV-14
movie_0958,Story Warrior,Movie,G
movie_0959,A Dragon,TV Series,R
movie_0960,Quest Quest,TV Series,PG-13
movie_0961,Story Mystery,Movie,TV-Y7
movie_0962,City Ice,TV Series,TV-PG
movie_0963,War Dream,Limited Series,NC-17
movie_0964,Journey Empire,TV Series,TV-Y
movie_0965,Empire Legend,Movie,PG-13
movie_0966,A Adventure,Stand-up Comedy,TV-G
movie_0967,Our Adventure,TV Series,TV-G
movie_0968,First Queen,TV Series,NC-17
movie_0969,Adventure Story,Movie,TV-MA
movie_0970,House King,TV Series,PG
movie_0971,Warrior Empire,TV Series,NC-17
movie_0972,Bright Mystery,Stand-up Comedy,PG-13
movie_0973,Dark Kingdom,TV Series,R
movie_0974,Queen Storm,TV Series,TV-14
movie_0975,Quest War,Movie,TV-MA
movie_0976,Dragon Journey,Movie,G
movie_0977,Little Secret,Movie,TV-PG
movie_0978,City Night,Movie,PG-13
movie_0979,Story Legend,Movie,R
movie_0980,War Battle,TV Series,TV-MA
movie_0981,First Dragon,Movie,TV-14
movie_0982,Storm Dream,Movie,TV-PG
movie_0983,Day Legend,Movie,R
movie_0984,Family Day,Stand-up Comedy,G
movie_0985,Queen Night,Documentary,TV-14
movie_0986,Love Day,TV Series,NC-17
movie_0987,Phoenix Storm,TV Series,TV-Y
movie_0988,Little Journey,Stand-up Comedy,R
movie_0989,Empire Family,Movie,TV-14
movie_0990,Big Quest,Documentary,G
movie_0991,Last Queen,Movie,PG
movie_0992,The Love,Movie,TV-14
movie_0993,Old Phoenix,Stand-up Comedy,PG
movie_0994,Battle Queen,Movie,TV-14
movie_0995,Big Day,Movie,TV-PG
movie_0996,Secret Mission,TV Series,NC-17
movie_0997,House Empire,TV Series,R
movie_0998,Day Legend,Limited Series,TV-14
movie_0999,Ice War,Movie,TV-Y7
movie_1000,Last Night,TV Series,NC-17
movie_0846,Storm Family,Stand-up Comedy,TV-MA
movie_0814,Adventure Legend,TV Series,TV-Y7
movie_0537,New Story,Movie,PG-13
movie_0996,Secret Mission,TV Series,NC-17
movie_0586,A Adventure,Documentary,R
movie_0932,Hero Empire,Limited Series,NC-17
movie_0746,Fire Journey,Movie,TV-MA
movie_0147,Dark Love,Documentary,G
movie_0305,Legend House,Movie,TV-MA
movie_0210,Princess Kingdom,Movie,TV-14
movie_0891,Ice House,Movie,TV-Y7
movie_0206,Big Dragon,TV Series,PG-13
movie_0043,City Queen,Documentary,PG-13
movie_0034,Mission Kingdom,TV Series,TV-PG
movie_0055,Queen Quest,Movie,G
movie_0590,Secret City,Documentary,NC-17
movie_0274,Story Phoenix,Stand-up Comedy,NC-17
movie_0618,First Kingdom,TV Series,NC-17
movie_0468,King Phoenix,TV Series,TV-Y7
movie_0557,Queen Hero,Movie,TV-G
movie_0980,War Battle,TV Series,TV-MA
movie_0964,Journey Empire,TV Series,TV-Y
movie_0088,Journey Love,TV Series,PG-13
movie_0138,Kingdom Fire,Movie,PG
movie_0089,Mystery Day,Movie,TV-Y7
movie_0452,Family Secret,Limited Series,TV-Y7
movie_0788,Day Warrior,Stand-up Comedy,TV-Y7
movie_0383,Day City,TV Series,G
movie_0716,Love Battle,Stand-up Comedy,R
movie_0600,Big Adventure,TV Series,TV-Y
movie_0625,Day Night,Movie,TV-Y
movie_0823,Adventure Ice,Movie,TV-PG
movie_0151,Night Love,Movie,TV-Y
movie_0571,City Princess,Documentary,TV-MA
movie_0035,Princess Love,TV Series,TV-PG
movie_0140,City Empire,Documentary,TV-14
movie_0517,Storm Legend,TV Series,TV-MA
movie_0696,House Empire,Limited Series,G
movie_0056,Big Princess,Movie,TV-Y
movie_0652,Our Night,Movie,TV-MA
